<?xml version='1.0' encoding='UTF-8'?> 
<ParametriDiConfigurazione xmlns:xsi="http://www.w3.org/2001/XMLSchema-instance"> 
 <indirizzoIpClient>localhost</indirizzoIpClient> 
 <indirizzoIpServerDiLog>localhost</indirizzoIpServerDiLog>
 <portaServerLog>4243</portaServerLog>
 <indirizzoIpDatabase>localhost</indirizzoIpDatabase> 
 <portaDatabase>3306</portaDatabase> 
 <usernameDatabase>root</usernameDatabase>
 <passwordDatabase></passwordDatabase>
 <fontCaratteri>Helvetica</fontCaratteri> 
 <coloreSfondo>white</coloreSfondo>
 <altezzaGrafico>400</altezzaGrafico>
 <larghezzaGrafico>1200</larghezzaGrafico>
 <turni0>Mattina</turni0>
 <turni1>Pomeriggio</turni1>
 <turni2>Intero</turni2>
 <intervalloGiorniDefault>7</intervalloGiorniDefault>
 <annoDiConfrontoDefault>1</annoDiConfrontoDefault>
 <coloriLegenda0>green</coloriLegenda0>
 <coloriLegenda1>red</coloriLegenda1>
 <coloriLegenda2>'0x8F00FF'</coloriLegenda2>      
</ParametriDiConfigurazione>